record_id,source_key,figure,panel,context_key,cell_line,species,tissue,disease,alterations,condition_label,drug,dose_value,dose_unit,start_time,end_time,time_unit,assay_type,assay_name,measurement_platform,observable,observable_raw_label,value,value_unit,time_value,statistic,uncertainty_type,uncertainty_value,replicate_count,normalization,normalization_reference,lane,extraction_method,quality_class,is_censored,censoring_limit,notes
T33818908_F2B_CTRL_D0,fig2_image,Figure 2,b,Hs746T,Hs746T,human,stomach,gastric cancer,MET:AMPLIFICATION:high level;MET:OTHER:exon 14 skipping,vehicle day 0,Vehicle,0,mg/kg,0,0,d,caliper tumor volume,Hs746T xenograft efficacy,observed mean tumor volume,tumor_volume,Tumor Volume (mm3),60,mm3,0,mean,,,,none,,,PLOT_DIGITIZED,SEMI_QUANTITATIVE,false,,Mean point digitized from Figure 2b; visible error bars were not separately digitized.
T33818908_F2B_3_D0,fig2_image,Figure 2,b,Hs746T,Hs746T,human,stomach,gastric cancer,MET:AMPLIFICATION:high level;MET:OTHER:exon 14 skipping,3 mg/kg every day 0,Tepotinib,3,mg/kg,0,0,d,caliper tumor volume,Hs746T xenograft efficacy,observed mean tumor volume,tumor_volume,Tumor Volume (mm3),60,mm3,0,mean,,,,none,,,PLOT_DIGITIZED,SEMI_QUANTITATIVE,false,,Mean point digitized from Figure 2b; dosing frequency is reported as daily for 3 mg/kg.
T33818908_F2B_10_D0,fig2_image,Figure 2,b,Hs746T,Hs746T,human,stomach,gastric cancer,MET:AMPLIFICATION:high level;MET:OTHER:exon 14 skipping,10 mg/kg every second day 0,Tepotinib,10,mg/kg,0,0,d,caliper tumor volume,Hs746T xenograft efficacy,observed mean tumor volume,tumor_volume,Tumor Volume (mm3),60,mm3,0,mean,,,,none,,,PLOT_DIGITIZED,SEMI_QUANTITATIVE,false,,Mean point digitized from Figure 2b; dosing frequency is every second day.
T33818908_F2B_30_D0,fig2_image,Figure 2,b,Hs746T,Hs746T,human,stomach,gastric cancer,MET:AMPLIFICATION:high level;MET:OTHER:exon 14 skipping,30 mg/kg every third day 0,Tepotinib,30,mg/kg,0,0,d,caliper tumor volume,Hs746T xenograft efficacy,observed mean tumor volume,tumor_volume,Tumor Volume (mm3),60,mm3,0,mean,,,,none,,,PLOT_DIGITIZED,SEMI_QUANTITATIVE,false,,Mean point digitized from Figure 2b; dosing frequency is every third day.
T33818908_F2B_CTRL_D4,fig2_image,Figure 2,b,Hs746T,Hs746T,human,stomach,gastric cancer,MET:AMPLIFICATION:high level;MET:OTHER:exon 14 skipping,vehicle day 4,Vehicle,0,mg/kg,0,4,d,caliper tumor volume,Hs746T xenograft efficacy,observed mean tumor volume,tumor_volume,Tumor Volume (mm3),90,mm3,4,mean,,,,none,,,PLOT_DIGITIZED,SEMI_QUANTITATIVE,false,,Mean point digitized from Figure 2b.
T33818908_F2B_3_D4,fig2_image,Figure 2,b,Hs746T,Hs746T,human,stomach,gastric cancer,MET:AMPLIFICATION:high level;MET:OTHER:exon 14 skipping,3 mg/kg daily day 4,Tepotinib,3,mg/kg,0,4,d,caliper tumor volume,Hs746T xenograft efficacy,observed mean tumor volume,tumor_volume,Tumor Volume (mm3),45,mm3,4,mean,,,,none,,,PLOT_DIGITIZED,SEMI_QUANTITATIVE,false,,Mean point digitized from Figure 2b.
T33818908_F2B_10_D4,fig2_image,Figure 2,b,Hs746T,Hs746T,human,stomach,gastric cancer,MET:AMPLIFICATION:high level;MET:OTHER:exon 14 skipping,10 mg/kg every second day 4,Tepotinib,10,mg/kg,0,4,d,caliper tumor volume,Hs746T xenograft efficacy,observed mean tumor volume,tumor_volume,Tumor Volume (mm3),25,mm3,4,mean,,,,none,,,PLOT_DIGITIZED,SEMI_QUANTITATIVE,false,,Mean point digitized from Figure 2b.
T33818908_F2B_30_D4,fig2_image,Figure 2,b,Hs746T,Hs746T,human,stomach,gastric cancer,MET:AMPLIFICATION:high level;MET:OTHER:exon 14 skipping,30 mg/kg every third day 4,Tepotinib,30,mg/kg,0,4,d,caliper tumor volume,Hs746T xenograft efficacy,observed mean tumor volume,tumor_volume,Tumor Volume (mm3),20,mm3,4,mean,,,,none,,,PLOT_DIGITIZED,SEMI_QUANTITATIVE,false,,Mean point digitized from Figure 2b.
T33818908_F2B_CTRL_D7,fig2_image,Figure 2,b,Hs746T,Hs746T,human,stomach,gastric cancer,MET:AMPLIFICATION:high level;MET:OTHER:exon 14 skipping,vehicle day 7,Vehicle,0,mg/kg,0,7,d,caliper tumor volume,Hs746T xenograft efficacy,observed mean tumor volume,tumor_volume,Tumor Volume (mm3),220,mm3,7,mean,,,,none,,,PLOT_DIGITIZED,SEMI_QUANTITATIVE,false,,Mean point digitized from Figure 2b.
T33818908_F2B_3_D7,fig2_image,Figure 2,b,Hs746T,Hs746T,human,stomach,gastric cancer,MET:AMPLIFICATION:high level;MET:OTHER:exon 14 skipping,3 mg/kg daily day 7,Tepotinib,3,mg/kg,0,7,d,caliper tumor volume,Hs746T xenograft efficacy,observed mean tumor volume,tumor_volume,Tumor Volume (mm3),75,mm3,7,mean,,,,none,,,PLOT_DIGITIZED,SEMI_QUANTITATIVE,false,,Mean point digitized from Figure 2b.
T33818908_F2B_10_D7,fig2_image,Figure 2,b,Hs746T,Hs746T,human,stomach,gastric cancer,MET:AMPLIFICATION:high level;MET:OTHER:exon 14 skipping,10 mg/kg every second day 7,Tepotinib,10,mg/kg,0,7,d,caliper tumor volume,Hs746T xenograft efficacy,observed mean tumor volume,tumor_volume,Tumor Volume (mm3),30,mm3,7,mean,,,,none,,,PLOT_DIGITIZED,SEMI_QUANTITATIVE,false,,Mean point digitized from Figure 2b.
T33818908_F2B_30_D7,fig2_image,Figure 2,b,Hs746T,Hs746T,human,stomach,gastric cancer,MET:AMPLIFICATION:high level;MET:OTHER:exon 14 skipping,30 mg/kg every third day 7,Tepotinib,30,mg/kg,0,7,d,caliper tumor volume,Hs746T xenograft efficacy,observed mean tumor volume,tumor_volume,Tumor Volume (mm3),20,mm3,7,mean,,,,none,,,PLOT_DIGITIZED,SEMI_QUANTITATIVE,false,,Mean point digitized from Figure 2b.
T33818908_F2B_CTRL_D12,fig2_image,Figure 2,b,Hs746T,Hs746T,human,stomach,gastric cancer,MET:AMPLIFICATION:high level;MET:OTHER:exon 14 skipping,vehicle day 12,Vehicle,0,mg/kg,0,12,d,caliper tumor volume,Hs746T xenograft efficacy,observed mean tumor volume,tumor_volume,Tumor Volume (mm3),500,mm3,12,mean,,,,none,,,PLOT_DIGITIZED,SEMI_QUANTITATIVE,false,,Mean point digitized from Figure 2b.
T33818908_F2B_3_D12,fig2_image,Figure 2,b,Hs746T,Hs746T,human,stomach,gastric cancer,MET:AMPLIFICATION:high level;MET:OTHER:exon 14 skipping,3 mg/kg daily day 12,Tepotinib,3,mg/kg,0,12,d,caliper tumor volume,Hs746T xenograft efficacy,observed mean tumor volume,tumor_volume,Tumor Volume (mm3),210,mm3,12,mean,,,,none,,,PLOT_DIGITIZED,SEMI_QUANTITATIVE,false,,Mean point digitized from Figure 2b.
T33818908_F2B_10_D12,fig2_image,Figure 2,b,Hs746T,Hs746T,human,stomach,gastric cancer,MET:AMPLIFICATION:high level;MET:OTHER:exon 14 skipping,10 mg/kg every second day 12,Tepotinib,10,mg/kg,0,12,d,caliper tumor volume,Hs746T xenograft efficacy,observed mean tumor volume,tumor_volume,Tumor Volume (mm3),25,mm3,12,mean,,,,none,,,PLOT_DIGITIZED,SEMI_QUANTITATIVE,false,,Mean point digitized from Figure 2b.
T33818908_F2B_30_D12,fig2_image,Figure 2,b,Hs746T,Hs746T,human,stomach,gastric cancer,MET:AMPLIFICATION:high level;MET:OTHER:exon 14 skipping,30 mg/kg every third day 12,Tepotinib,30,mg/kg,0,12,d,caliper tumor volume,Hs746T xenograft efficacy,observed mean tumor volume,tumor_volume,Tumor Volume (mm3),15,mm3,12,mean,,,,none,,,PLOT_DIGITIZED,SEMI_QUANTITATIVE,false,,Mean point digitized from Figure 2b.
T33818908_F2B_CTRL_D17,fig2_image,Figure 2,b,Hs746T,Hs746T,human,stomach,gastric cancer,MET:AMPLIFICATION:high level;MET:OTHER:exon 14 skipping,vehicle day 17,Vehicle,0,mg/kg,0,17,d,caliper tumor volume,Hs746T xenograft efficacy,observed mean tumor volume,tumor_volume,Tumor Volume (mm3),800,mm3,17,mean,,,,none,,,PLOT_DIGITIZED,SEMI_QUANTITATIVE,false,,Mean point digitized from Figure 2b.
T33818908_F2B_3_D17,fig2_image,Figure 2,b,Hs746T,Hs746T,human,stomach,gastric cancer,MET:AMPLIFICATION:high level;MET:OTHER:exon 14 skipping,3 mg/kg daily day 17,Tepotinib,3,mg/kg,0,17,d,caliper tumor volume,Hs746T xenograft efficacy,observed mean tumor volume,tumor_volume,Tumor Volume (mm3),380,mm3,17,mean,,,,none,,,PLOT_DIGITIZED,SEMI_QUANTITATIVE,false,,Mean point digitized from Figure 2b.
T33818908_F2B_10_D17,fig2_image,Figure 2,b,Hs746T,Hs746T,human,stomach,gastric cancer,MET:AMPLIFICATION:high level;MET:OTHER:exon 14 skipping,10 mg/kg every second day 17,Tepotinib,10,mg/kg,0,17,d,caliper tumor volume,Hs746T xenograft efficacy,observed mean tumor volume,tumor_volume,Tumor Volume (mm3),25,mm3,17,mean,,,,none,,,PLOT_DIGITIZED,SEMI_QUANTITATIVE,false,,Mean point digitized from Figure 2b.
T33818908_F2B_30_D17,fig2_image,Figure 2,b,Hs746T,Hs746T,human,stomach,gastric cancer,MET:AMPLIFICATION:high level;MET:OTHER:exon 14 skipping,30 mg/kg every third day 17,Tepotinib,30,mg/kg,0,17,d,caliper tumor volume,Hs746T xenograft efficacy,observed mean tumor volume,tumor_volume,Tumor Volume (mm3),10,mm3,17,mean,,,,none,,,PLOT_DIGITIZED,SEMI_QUANTITATIVE,false,,Mean point digitized from Figure 2b.
T33818908_F2C_CTRL_D0,fig2_image,Figure 2,c,NIH3T3_TPR,NIH3T3/TPR,mouse,connective tissue,fibroblast oncogenic transformation,MET:FUSION:TPR-MET,vehicle day 0,Vehicle,0,mg/kg,0,0,d,caliper tumor volume,NIH3T3/TPR xenograft efficacy,observed mean tumor volume,tumor_volume,Tumor Volume (mm3),80,mm3,0,mean,,,,none,,,PLOT_DIGITIZED,SEMI_QUANTITATIVE,false,,Mean point digitized from Figure 2c; visible error bars were not separately digitized.
T33818908_F2C_3_D0,fig2_image,Figure 2,c,NIH3T3_TPR,NIH3T3/TPR,mouse,connective tissue,fibroblast oncogenic transformation,MET:FUSION:TPR-MET,3 mg/kg daily day 0,Tepotinib,3,mg/kg,0,0,d,caliper tumor volume,NIH3T3/TPR xenograft efficacy,observed mean tumor volume,tumor_volume,Tumor Volume (mm3),80,mm3,0,mean,,,,none,,,PLOT_DIGITIZED,SEMI_QUANTITATIVE,false,,Mean point digitized from Figure 2c.
T33818908_F2C_6_D0,fig2_image,Figure 2,c,NIH3T3_TPR,NIH3T3/TPR,mouse,connective tissue,fibroblast oncogenic transformation,MET:FUSION:TPR-MET,6 mg/kg daily day 0,Tepotinib,6,mg/kg,0,0,d,caliper tumor volume,NIH3T3/TPR xenograft efficacy,observed mean tumor volume,tumor_volume,Tumor Volume (mm3),80,mm3,0,mean,,,,none,,,PLOT_DIGITIZED,SEMI_QUANTITATIVE,false,,Mean point digitized from Figure 2c.
T33818908_F2C_12p5_D0,fig2_image,Figure 2,c,NIH3T3_TPR,NIH3T3/TPR,mouse,connective tissue,fibroblast oncogenic transformation,MET:FUSION:TPR-MET,12.5 mg/kg daily day 0,Tepotinib,12.5,mg/kg,0,0,d,caliper tumor volume,NIH3T3/TPR xenograft efficacy,observed mean tumor volume,tumor_volume,Tumor Volume (mm3),80,mm3,0,mean,,,,none,,,PLOT_DIGITIZED,SEMI_QUANTITATIVE,false,,Mean point digitized from Figure 2c.
T33818908_F2C_25_D0,fig2_image,Figure 2,c,NIH3T3_TPR,NIH3T3/TPR,mouse,connective tissue,fibroblast oncogenic transformation,MET:FUSION:TPR-MET,25 mg/kg daily day 0,Tepotinib,25,mg/kg,0,0,d,caliper tumor volume,NIH3T3/TPR xenograft efficacy,observed mean tumor volume,tumor_volume,Tumor Volume (mm3),80,mm3,0,mean,,,,none,,,PLOT_DIGITIZED,SEMI_QUANTITATIVE,false,,Mean point digitized from Figure 2c.
T33818908_F2C_CTRL_D3,fig2_image,Figure 2,c,NIH3T3_TPR,NIH3T3/TPR,mouse,connective tissue,fibroblast oncogenic transformation,MET:FUSION:TPR-MET,vehicle day 3,Vehicle,0,mg/kg,0,3,d,caliper tumor volume,NIH3T3/TPR xenograft efficacy,observed mean tumor volume,tumor_volume,Tumor Volume (mm3),150,mm3,3,mean,,,,none,,,PLOT_DIGITIZED,SEMI_QUANTITATIVE,false,,Mean point digitized from Figure 2c.
T33818908_F2C_3_D3,fig2_image,Figure 2,c,NIH3T3_TPR,NIH3T3/TPR,mouse,connective tissue,fibroblast oncogenic transformation,MET:FUSION:TPR-MET,3 mg/kg daily day 3,Tepotinib,3,mg/kg,0,3,d,caliper tumor volume,NIH3T3/TPR xenograft efficacy,observed mean tumor volume,tumor_volume,Tumor Volume (mm3),50,mm3,3,mean,,,,none,,,PLOT_DIGITIZED,SEMI_QUANTITATIVE,false,,Mean point digitized from Figure 2c.
T33818908_F2C_6_D3,fig2_image,Figure 2,c,NIH3T3_TPR,NIH3T3/TPR,mouse,connective tissue,fibroblast oncogenic transformation,MET:FUSION:TPR-MET,6 mg/kg daily day 3,Tepotinib,6,mg/kg,0,3,d,caliper tumor volume,NIH3T3/TPR xenograft efficacy,observed mean tumor volume,tumor_volume,Tumor Volume (mm3),75,mm3,3,mean,,,,none,,,PLOT_DIGITIZED,SEMI_QUANTITATIVE,false,,Mean point digitized from Figure 2c.
T33818908_F2C_12p5_D3,fig2_image,Figure 2,c,NIH3T3_TPR,NIH3T3/TPR,mouse,connective tissue,fibroblast oncogenic transformation,MET:FUSION:TPR-MET,12.5 mg/kg daily day 3,Tepotinib,12.5,mg/kg,0,3,d,caliper tumor volume,NIH3T3/TPR xenograft efficacy,observed mean tumor volume,tumor_volume,Tumor Volume (mm3),80,mm3,3,mean,,,,none,,,PLOT_DIGITIZED,SEMI_QUANTITATIVE,false,,Mean point digitized from Figure 2c.
T33818908_F2C_25_D3,fig2_image,Figure 2,c,NIH3T3_TPR,NIH3T3/TPR,mouse,connective tissue,fibroblast oncogenic transformation,MET:FUSION:TPR-MET,25 mg/kg daily day 3,Tepotinib,25,mg/kg,0,3,d,caliper tumor volume,NIH3T3/TPR xenograft efficacy,observed mean tumor volume,tumor_volume,Tumor Volume (mm3),20,mm3,3,mean,,,,none,,,PLOT_DIGITIZED,SEMI_QUANTITATIVE,false,,Mean point digitized from Figure 2c.
T33818908_F2C_CTRL_D6,fig2_image,Figure 2,c,NIH3T3_TPR,NIH3T3/TPR,mouse,connective tissue,fibroblast oncogenic transformation,MET:FUSION:TPR-MET,vehicle day 6,Vehicle,0,mg/kg,0,6,d,caliper tumor volume,NIH3T3/TPR xenograft efficacy,observed mean tumor volume,tumor_volume,Tumor Volume (mm3),480,mm3,6,mean,,,,none,,,PLOT_DIGITIZED,SEMI_QUANTITATIVE,false,,Mean point digitized from Figure 2c.
T33818908_F2C_3_D6,fig2_image,Figure 2,c,NIH3T3_TPR,NIH3T3/TPR,mouse,connective tissue,fibroblast oncogenic transformation,MET:FUSION:TPR-MET,3 mg/kg daily day 6,Tepotinib,3,mg/kg,0,6,d,caliper tumor volume,NIH3T3/TPR xenograft efficacy,observed mean tumor volume,tumor_volume,Tumor Volume (mm3),110,mm3,6,mean,,,,none,,,PLOT_DIGITIZED,SEMI_QUANTITATIVE,false,,Mean point digitized from Figure 2c.
T33818908_F2C_6_D6,fig2_image,Figure 2,c,NIH3T3_TPR,NIH3T3/TPR,mouse,connective tissue,fibroblast oncogenic transformation,MET:FUSION:TPR-MET,6 mg/kg daily day 6,Tepotinib,6,mg/kg,0,6,d,caliper tumor volume,NIH3T3/TPR xenograft efficacy,observed mean tumor volume,tumor_volume,Tumor Volume (mm3),230,mm3,6,mean,,,,none,,,PLOT_DIGITIZED,SEMI_QUANTITATIVE,false,,Mean point digitized from Figure 2c.
T33818908_F2C_12p5_D6,fig2_image,Figure 2,c,NIH3T3_TPR,NIH3T3/TPR,mouse,connective tissue,fibroblast oncogenic transformation,MET:FUSION:TPR-MET,12.5 mg/kg daily day 6,Tepotinib,12.5,mg/kg,0,6,d,caliper tumor volume,NIH3T3/TPR xenograft efficacy,observed mean tumor volume,tumor_volume,Tumor Volume (mm3),350,mm3,6,mean,,,,none,,,PLOT_DIGITIZED,SEMI_QUANTITATIVE,false,,Mean point digitized from Figure 2c.
T33818908_F2C_25_D6,fig2_image,Figure 2,c,NIH3T3_TPR,NIH3T3/TPR,mouse,connective tissue,fibroblast oncogenic transformation,MET:FUSION:TPR-MET,25 mg/kg daily day 6,Tepotinib,25,mg/kg,0,6,d,caliper tumor volume,NIH3T3/TPR xenograft efficacy,observed mean tumor volume,tumor_volume,Tumor Volume (mm3),40,mm3,6,mean,,,,none,,,PLOT_DIGITIZED,SEMI_QUANTITATIVE,false,,Mean point digitized from Figure 2c.
T33818908_F2C_CTRL_D9,fig2_image,Figure 2,c,NIH3T3_TPR,NIH3T3/TPR,mouse,connective tissue,fibroblast oncogenic transformation,MET:FUSION:TPR-MET,vehicle day 9,Vehicle,0,mg/kg,0,9,d,caliper tumor volume,NIH3T3/TPR xenograft efficacy,observed mean tumor volume,tumor_volume,Tumor Volume (mm3),1050,mm3,9,mean,,,,none,,,PLOT_DIGITIZED,SEMI_QUANTITATIVE,false,,Mean point digitized from Figure 2c.
T33818908_F2C_3_D9,fig2_image,Figure 2,c,NIH3T3_TPR,NIH3T3/TPR,mouse,connective tissue,fibroblast oncogenic transformation,MET:FUSION:TPR-MET,3 mg/kg daily day 9,Tepotinib,3,mg/kg,0,9,d,caliper tumor volume,NIH3T3/TPR xenograft efficacy,observed mean tumor volume,tumor_volume,Tumor Volume (mm3),160,mm3,9,mean,,,,none,,,PLOT_DIGITIZED,SEMI_QUANTITATIVE,false,,Mean point digitized from Figure 2c.
T33818908_F2C_6_D9,fig2_image,Figure 2,c,NIH3T3_TPR,NIH3T3/TPR,mouse,connective tissue,fibroblast oncogenic transformation,MET:FUSION:TPR-MET,6 mg/kg daily day 9,Tepotinib,6,mg/kg,0,9,d,caliper tumor volume,NIH3T3/TPR xenograft efficacy,observed mean tumor volume,tumor_volume,Tumor Volume (mm3),500,mm3,9,mean,,,,none,,,PLOT_DIGITIZED,SEMI_QUANTITATIVE,false,,Mean point digitized from Figure 2c.
T33818908_F2C_12p5_D9,fig2_image,Figure 2,c,NIH3T3_TPR,NIH3T3/TPR,mouse,connective tissue,fibroblast oncogenic transformation,MET:FUSION:TPR-MET,12.5 mg/kg daily day 9,Tepotinib,12.5,mg/kg,0,9,d,caliper tumor volume,NIH3T3/TPR xenograft efficacy,observed mean tumor volume,tumor_volume,Tumor Volume (mm3),850,mm3,9,mean,,,,none,,,PLOT_DIGITIZED,SEMI_QUANTITATIVE,false,,Mean point digitized from Figure 2c.
T33818908_F2C_25_D9,fig2_image,Figure 2,c,NIH3T3_TPR,NIH3T3/TPR,mouse,connective tissue,fibroblast oncogenic transformation,MET:FUSION:TPR-MET,25 mg/kg daily day 9,Tepotinib,25,mg/kg,0,9,d,caliper tumor volume,NIH3T3/TPR xenograft efficacy,observed mean tumor volume,tumor_volume,Tumor Volume (mm3),25,mm3,9,mean,,,,none,,,PLOT_DIGITIZED,SEMI_QUANTITATIVE,false,,Mean point digitized from Figure 2c.
